external_rank,display_name,internal_auc_median,external_auc_median,auc_generalization_gap,internal_pr_auc_median,external_pr_auc_median,pr_auc_generalization_gap,internal_f1_median,external_f1_median,f1_generalization_gap,external_brier_calibrated_median,external_ece_calibrated_median
1,ConvNeXt-Tiny,0.9407414893796217,0.7901872626636693,0.1505542267159523,0.9722775223523784,0.7002274436645449,0.2720500786878335,0.898176291793313,0.6452779032986896,0.2528983884946234,0.190608188676256,0.1367935247416542
2,DenseNet-121,0.9244220975738486,0.7872796776750903,0.1371424198987583,0.9665692797104116,0.6957718079735326,0.27079747173687907,0.8932626797880394,0.6427678199249688,0.25049485986307063,0.1901454524512935,0.1377994182913357
3,ResNet-50,0.9147562338223816,0.7514617564969972,0.16329447732538438,0.9603911070164868,0.6505688119834557,0.30982229503303105,0.8888888888888888,0.6135396518375241,0.2753492370513647,0.1953061168661577,0.1197340391867454
4,EfficientNet-B0,0.8993380160695336,0.7510776743664094,0.1482603417031242,0.9505600314361536,0.6420217574359254,0.30853827400022826,0.8730886850152905,0.5945716709075488,0.27851701410774166,0.2203986909311303,0.1574813158587848
5,Swin Transformer-Tiny,0.910825879697475,0.7318018918126432,0.17902398788483176,0.9605882197778955,0.6064305885409431,0.35415763123695243,0.846215139442231,0.5746835443037974,0.2715315951384336,0.2372274368511489,0.1529429981888379
6,MobileNetV2,0.8703600765857574,0.7245790843568887,0.14578099222886876,0.9443619385247946,0.5954483038095089,0.3489136347152857,0.843335931410756,0.5446880269814502,0.2986479044293058,0.2292990140827464,0.156318179633392
