best_model_name,best_display_name,best_representative_seed,comparator_model_name,comparator_display_name,comparator_representative_seed,auc_diff_best_minus_comparator,auc_diff_ci_low,auc_diff_ci_high,paired_bootstrap_p,bootstrap_iterations_used,bootstrap_skipped_single_class_samples,monte_carlo_swap_p,monte_carlo_iterations,mcnemar_b_best_correct_comp_wrong,mcnemar_c_best_wrong_comp_correct,mcnemar_discordant_pairs,mcnemar_exact_p,paired_bootstrap_p_holm,monte_carlo_swap_p_holm,mcnemar_exact_p_holm,auc_diff_significant_holm_0_05,mcnemar_significant_holm_0_05
convnext_tiny,ConvNeXt-Tiny,2024,mobilenetv2_100,MobileNetV2,2024,0.06560817830678067,0.04751965702916738,0.08209241576860499,0.0004997501249375312,2000,0,0.0001999600079984003,5000,565,330,895,3.641080471969078e-15,0.002498750624687656,0.0009998000399920016,1.8205402359845393e-14,True,True
convnext_tiny,ConvNeXt-Tiny,2024,swin_tiny_patch4_window7_224,Swin Transformer-Tiny,123,0.05838537085102613,0.04444152691166804,0.07192633784085195,0.0004997501249375312,2000,0,0.0001999600079984003,5000,421,264,685,2.1510260016662463e-09,0.002498750624687656,0.0009998000399920016,8.604104006664985e-09,True,True
convnext_tiny,ConvNeXt-Tiny,2024,efficientnet_b0,EfficientNet-B0,3407,0.03910958829725997,0.022919784378693513,0.055110408850278694,0.0004997501249375312,2000,0,0.0001999600079984003,5000,456,351,807,0.0002466721893355275,0.002498750624687656,0.0009998000399920016,0.000493344378671055,True,True
convnext_tiny,ConvNeXt-Tiny,2024,resnet50,ResNet-50,42,0.03872550616667214,0.023150228085031317,0.05428595056879218,0.0004997501249375312,2000,0,0.0001999600079984003,5000,454,306,760,8.86809228833395e-08,0.002498750624687656,0.0009998000399920016,2.660427686500185e-07,True,True
convnext_tiny,ConvNeXt-Tiny,2024,densenet121,DenseNet-121,123,0.002907584988579015,-0.00995660913799192,0.016265390269391444,0.676,2000,0,0.6886622675464907,5000,316,317,633,1.0,0.676,0.6886622675464907,1.0,False,False
