error_type,n,median_prob_malignant,q1_prob_malignant,q3_prob_malignant,median_distance_from_threshold,median_mask_area_fraction,median_image_area_px
FN,436,0.0418047398680264,0.00216373442812465,0.3227129298912409,0.7096601038819736,0.05870700739312118,138360.0
FP,415,0.980129286039598,0.9110213846636703,0.997717186169508,0.22866444228959804,0.10046728971962617,135736.0
TN,1868,0.0071352653561407,0.0010775025886693,0.0648901147321619,0.7443295783938593,0.1396163297346127,133896.0
TP,774,0.999020723964336,0.9884473296647792,0.9998773255339931,0.247555880214336,0.05380380247519008,141741.0
