model_name,display_name,representative_seed,raw_brier,calibrated_brier,delta_brier_cal_minus_raw,raw_ece,calibrated_ece,delta_ece_cal_minus_raw,raw_nll,calibrated_nll,delta_nll_cal_minus_raw
efficientnet_b0,EfficientNet-B0,3407,0.257031314030828,0.20899016491429792,-0.048041149116530096,0.23496384137433607,0.14408860162815756,-0.0908752397461785,1.4380336394585127,0.6357609914150999,-0.8022726480434128
mobilenetv2_100,MobileNetV2,2024,0.25979005300118185,0.2213279553563759,-0.03846209764480596,0.23203291723705555,0.14320638788203374,-0.0888265293550218,1.1482873259620985,0.6840990776185497,-0.46418824834354877
convnext_tiny,ConvNeXt-Tiny,2024,0.2178767874583068,0.18968562307875675,-0.02819116437955005,0.19966396671363684,0.1362197529423287,-0.06344421377130816,1.0702401431344923,0.6119106806158986,-0.45832946251859374
resnet50,ResNet-50,42,0.20311005112983857,0.19239741689152495,-0.010712634238313617,0.13144559301943776,0.09237079323407409,-0.03907479978536367,0.7490562736107763,0.637266893785881,-0.11178937982489534
densenet121,DenseNet-121,123,0.21131946661025897,0.20208514484143542,-0.00923432176882355,0.17551944779623035,0.1548596179944,-0.020659829801830343,0.7675000451186393,0.6651469241346575,-0.10235312098398186
swin_tiny_patch4_window7_224,Swin Transformer-Tiny,123,0.2238744766325565,0.2372274368511489,0.013352960218592391,0.16225180613510926,0.1910276320184057,0.02877582588329644,0.6712229931649889,0.765040411837703,0.09381741867271409
