{
  "primary_external_dataset": "TN3K/TNCD all 3493 images",
  "primary_model": "ConvNeXt-Tiny",
  "primary_model_external_roc_auc_median_iqr": "0.790 [0.785\u20130.791]",
  "primary_model_internal_roc_auc_median_iqr": "0.941 [0.939\u20130.941]",
  "primary_model_auc_generalization_gap": 0.151,
  "best_model_auc_gap_numeric": 0.1505542267159523,
  "dense_vs_convnext_auc_diff": 0.002907584988579,
  "dense_vs_convnext_monte_carlo_holm_p": 0.6886622675464907,
  "dense_vs_convnext_significant": false,
  "convnext_parameters_millions": 27.820897,
  "convnext_gflops": 4.469670144,
  "convnext_batch32_latency_ms": 14.312766013672372,
  "mobilenet_parameters_millions": 2.225153,
  "mobilenet_batch32_latency_ms": 6.841800843750079,
  "convnext_primary_sensitivity": 0.6396694214876033,
  "convnext_primary_specificity": 0.818221638195357,
  "convnext_fixed05_sensitivity": 0.6983471074380165,
  "convnext_fixed05_specificity": 0.7691633815155497,
  "convnext_temperature_scaling_delta_brier": -0.02819116437955,
  "convnext_temperature_scaling_delta_ece": -0.0634442137713081,
  "convnext_temperature_scaling_delta_nll": -0.4583294625185937
}